Strength,SNR,Distance to Tower (km),Location,Longitude,Lattitude,Sim ,Primary Key
-84.1197631,25.94008183,2.243176365,Annapurna Canteen,75.87449793,26.40165257,Jio,A
-87.80613083,15.93735398,5.0025665,Shri Shanta Teertham,75.87570492,26.39720795,Airtel,B
-116.5751756,14.70938428,8.705973532,Guest House,75.87795261,26.40108559,Vodafone Idea (Vi),C
-82.9611829,21.72716509,7.42702455,Vidula Maidan,75.8736128,26.39953839,BSNL,D
-85.01257411,26.05815843,0.612070511,Mukteshwari Canteen,75.87075356,26.40311325,Jio,A
-98.61869164,20.60673774,4.702561102,Central Library,75.87190155,26.40406941,Airtel,B
-74.13939862,15.5331438,1.667293216,Horse Riding Ground,75.87347869,26.40557811,Vodafone Idea (Vi),C
-50.23533096,23.89898281,1.165778848,Sharda Mandir,75.8658934,26.40676487,BSNL,D
-70.1030734,20.07036982,7.678126245,Old Market,75.8611298,26.40783631,Jio,A
-97.60056369,23.43781426,4.972048795,New Market,75.87550644,26.40108559,Airtel,B
-99.65173579,14.24407071,9.157530851,Annapurna Canteen,75.86695985,26.40668545,Vodafone Idea (Vi),C
-78.58596219,17.39178627,7.869592628,Shri Shanta Teertham,75.86603561,26.40739314,BSNL,D
-105.4742054,24.77049571,5.694189798,Guest House,75.86511137,26.40810082,Jio,A
-77.20348668,23.31786404,7.328655657,Vidula Maidan,75.86418713,26.4088085,Airtel,B
-87.95391151,11.22192744,8.155694399,Central Library,75.86326289,26.40951618,Vodafone Idea (Vi),C
-82.29876478,19.01832921,6.051086816,Horse Riding Ground,75.86233865,26.41022386,BSNL,D
-105.5434978,15.61590482,3.06940589,Sharda Mandir,75.8614144,26.41093154,Jio,A
-65.74131849,17.9516718,8.1784004,Old Market,75.86049016,26.41163923,Airtel,B
-93.13557136,19.60571147,2.883908464,New Market,75.85956592,26.41234691,Vodafone Idea (Vi),C
-77.06992052,24.83016112,6.014914422,Annapurna Canteen,75.85864168,26.41305459,BSNL,D
-79.61500354,12.2102726,0.482598313,Shri Shanta Teertham,75.85771744,26.41376227,Jio,A
-103.4370333,20.88623753,9.794610306,Guest House,75.8567932,26.41446995,Airtel,B
-98.4673081,12.60994798,5.211485636,Vidula Maidan,75.85586896,26.41517763,Vodafone Idea (Vi),C
-90.87582012,20.04625995,8.052938277,Central Library,75.85494472,26.41588532,BSNL,D
-69.98998148,25.99040755,7.118560696,Horse Riding Ground,75.85402048,26.416593,Jio,A
-104.2605295,26.20766531,3.932568507,Sharda Mandir,75.85309624,26.41730068,Airtel,B
-75.85605804,16.63521937,1.640878909,Old Market,75.852172,26.41800836,Vodafone Idea (Vi),C
-107.0556421,29.21249558,8.446574371,New Market,75.85124776,26.41871604,BSNL,D
-118.2439821,28.49208688,9.785868635,Annapurna Canteen,75.85032352,26.41942372,Jio,A
-72.44270204,13.05861522,2.180204112,Shri Shanta Teertham,75.84939928,26.42013141,Airtel,B
-75.0376259,29.51516024,8.28782224,Guest House,75.84847504,26.42083909,Vodafone Idea (Vi),C
-101.1453209,14.02888914,5.23405644,Vidula Maidan,75.8475508,26.42154677,BSNL,D
-82.24961791,22.24402245,2.997988072,Central Library,75.84662656,26.42225445,Jio,A
-74.35762809,17.11528325,1.294108527,Horse Riding Ground,75.84570232,26.42296213,Airtel,B
-101.5263501,16.19675728,1.17991491,Sharda Mandir,75.84477808,26.42366981,Vodafone Idea (Vi),C
-77.37150394,19.33172518,9.916495945,Old Market,75.84385384,26.4243775,BSNL,D
-61.19838828,22.80750064,5.183831015,New Market,75.8429296,26.42508518,Jio,A
-73.69277248,27.63613405,2.73269379,Annapurna Canteen,75.84200536,26.42579286,Airtel,B
-101.1608384,25.36936945,8.162018502,Shri Shanta Teertham,75.84108111,26.42650054,Vodafone Idea (Vi),C
-88.904164,21.722731,0.044317581,Guest House,75.84015687,26.42720822,BSNL,D
-91.09920856,22.17097699,3.095128823,Vidula Maidan,75.83923263,26.4279159,Jio,A
-95.38048884,28.4560549,5.187183992,Central Library,75.83830839,26.42862359,Airtel,B
-100.4690925,10.68383661,0.870091098,Horse Riding Ground,75.83738415,26.42933127,Vodafone Idea (Vi),C
-81.37123922,16.84800596,5.083037619,Sharda Mandir,75.83645991,26.43003895,BSNL,D
-88.39374508,29.32576765,9.574519723,Old Market,75.83553567,26.43074663,Jio,A
-86.02447007,13.72168402,9.791714168,New Market,75.83461143,26.43145431,Airtel,B
-78.15098888,19.62137464,1.526207246,Annapurna Canteen,75.83368719,26.43216199,Vodafone Idea (Vi),C
-85.22998593,18.63274416,8.467018446,Shri Shanta Teertham,75.83276295,26.43286968,BSNL,D
-66.34328631,18.7495037,2.418597919,Guest House,75.83183871,26.43357736,Jio,A
-76.10217419,16.75399366,3.224843161,Vidula Maidan,75.83091447,26.43428504,Airtel,B
-78.31107502,11.64687083,3.046275171,Central Library,75.82999023,26.43499272,Vodafone Idea (Vi),C
-61.20556653,11.9730815,6.817464582,Horse Riding Ground,75.82906599,26.4357004,BSNL,D
-98.42455882,24.7714156,0.926830201,Sharda Mandir,75.82814175,26.43640808,Jio,A
-102.3283031,27.26835027,8.123781805,Old Market,75.82721751,26.43711577,Airtel,B
-59.47451787,21.86211459,3.513287481,New Market,75.82629327,26.43782345,Vodafone Idea (Vi),C
-98.84920512,29.0091571,5.588783506,Annapurna Canteen,75.82536903,26.43853113,BSNL,D
-104.7761317,25.81919577,8.589909212,Shri Shanta Teertham,75.82444479,26.43923881,Jio,A
-60.80616562,10.91532484,1.175756686,Guest House,75.82352055,26.43994649,Airtel,B
-88.72215862,17.9538745,9.595301623,Vidula Maidan,75.82259631,26.44065417,Vodafone Idea (Vi),C
-83.72723167,21.07856998,6.405568605,Central Library,75.82167207,26.44136186,BSNL,D
-62.0205042,10.82324971,4.655729757,Horse Riding Ground,75.82074782,26.44206954,Jio,A
-88.87930343,17.58120893,8.624397571,Sharda Mandir,75.81982358,26.44277722,Airtel,B
-69.03867508,16.58684838,4.531494189,Old Market,75.81889934,26.4434849,Vodafone Idea (Vi),C
-92.96402742,20.32704727,4.246136911,New Market,75.8179751,26.44419258,BSNL,D
-100.5776189,19.54717409,4.027841793,Annapurna Canteen,75.81705086,26.44490026,Jio,A
-99.29704167,14.37814684,1.980425946,Shri Shanta Teertham,75.81612662,26.44560795,Airtel,B
-97.26072599,11.6883322,8.43896205,Guest House,75.81520238,26.44631563,Vodafone Idea (Vi),C
-93.00180868,22.0127235,7.827526353,Vidula Maidan,75.81427814,26.44702331,BSNL,D
-69.38773602,23.00191406,0.48514003,Central Library,75.8133539,26.44773099,Jio,A
-82.62276203,19.86686623,6.958826114,Horse Riding Ground,75.81242966,26.44843867,Airtel,B
-91.53953879,23.82853698,0.026374591,Sharda Mandir,75.81150542,26.44914635,Vodafone Idea (Vi),C
-88.64095395,17.01346362,1.046168509,Old Market,75.81058118,26.44985404,BSNL,D
-92.45749868,12.67122615,8.837936618,New Market,75.80965694,26.45056172,Jio,A
-71.92983501,21.46682308,7.185333718,Annapurna Canteen,75.8087327,26.4512694,Airtel,B
-86.53983173,17.69269336,3.760974942,Shri Shanta Teertham,75.80780846,26.45197708,Vodafone Idea (Vi),C
-107.7573002,21.38041404,6.081070853,Guest House,75.80688422,26.45268476,BSNL,D
-97.61922845,19.19216626,4.674654526,Vidula Maidan,75.80595998,26.45339244,Jio,A
-104.1384855,21.40428258,6.673711262,Central Library,75.80503574,26.45410013,Airtel,B
-81.37454739,19.58432838,8.078340299,Horse Riding Ground,75.8041115,26.45480781,Vodafone Idea (Vi),C
-65.73358429,22.82693588,4.288155972,Sharda Mandir,75.80318726,26.45551549,BSNL,D
-81.3398539,24.59211264,3.476847809,Old Market,75.80226302,26.45622317,Jio,A
-82.63143613,22.51461127,4.807963676,New Market,75.80133877,26.45693085,Airtel,B
-74.7921804,21.82001397,0.833339386,Annapurna Canteen,75.80041453,26.45763853,Vodafone Idea (Vi),C
-82.60121772,11.85134495,3.05544066,Shri Shanta Teertham,75.79949029,26.45834622,BSNL,D
-93.13390122,15.94990032,6.519061927,Guest House,75.79856605,26.4590539,Jio,A
-76.37347334,21.77718752,5.984445841,Vidula Maidan,75.79764181,26.45976158,Airtel,B
-61.2253173,20.90203083,0.528186914,Central Library,75.79671757,26.46046926,Vodafone Idea (Vi),C
-99.34162562,14.18213255,8.504211684,Horse Riding Ground,75.79579333,26.46117694,BSNL,D
-101.8154386,12.33178509,7.610941938,Sharda Mandir,75.79486909,26.46188462,Jio,A
-60.5730401,21.74116935,2.440014738,Old Market,75.79394485,26.46259231,Airtel,B
-89.36898241,25.99993551,7.130467005,New Market,75.79302061,26.46329999,Vodafone Idea (Vi),C
-101.7384172,29.41341797,5.665637887,Annapurna Canteen,75.79209637,26.46400767,BSNL,D
-98.87749054,28.21214229,0.429048293,Shri Shanta Teertham,75.79117213,26.46471535,Jio,A
-101.6580537,25.82563212,5.576214264,Guest House,75.79024789,26.46542303,Airtel,B
-73.2751662,25.70085332,4.863201029,Vidula Maidan,75.78932365,26.46613071,Vodafone Idea (Vi),C
-96.8278365,26.60063645,8.901231132,Central Library,75.78839941,26.4668384,BSNL,D
-77.52882026,24.40024167,2.14836776,Horse Riding Ground,75.78747517,26.46754608,Jio,A
-60.73613826,14.32144958,1.425176078,Sharda Mandir,75.78655093,26.46825376,Airtel,B
-98.04337847,19.3917002,3.700229494,Old Market,75.78562669,26.46896144,Vodafone Idea (Vi),C
-95.64511149,13.44688487,8.353252134,New Market,75.78470245,26.46966912,BSNL,D
-84.29650984,27.07446075,5.903976812,Annapurna Canteen,75.78377821,26.4703768,Jio,A
-64.03380479,22.90643086,3.620939071,Shri Shanta Teertham,75.78285397,26.47108449,Airtel,B
-98.74020628,14.70037935,5.444583568,Guest House,75.78192973,26.47179217,Vodafone Idea (Vi),C
-57.99154817,13.97489993,6.749966569,Vidula Maidan,75.78100548,26.47249985,BSNL,D
-76.73659286,23.14461986,8.755713858,Central Library,75.78008124,26.47320753,Jio,A
-69.65237665,27.34770743,2.954534952,Horse Riding Ground,75.779157,26.47391521,Airtel,B
-111.5690188,16.55645523,0.516071805,Sharda Mandir,75.77823276,26.47462289,Vodafone Idea (Vi),C
-79.68016596,28.09154775,4.574777466,Old Market,75.77730852,26.47533058,BSNL,D
-81.44884488,12.67307675,4.397578491,New Market,75.77638428,26.47603826,Jio,A
-79.99589216,13.47509069,3.645117106,Annapurna Canteen,75.77546004,26.47674594,Airtel,B
-78.78338338,11.65099535,3.469768884,Shri Shanta Teertham,75.7745358,26.47745362,Vodafone Idea (Vi),C
-97.39547905,16.91202904,9.344055738,Guest House,75.77361156,26.4781613,BSNL,D
-105.7622342,15.02185815,9.745104456,Vidula Maidan,75.77268732,26.47886898,Jio,A
-90.74282174,23.34280758,1.935766734,Central Library,75.77176308,26.47957667,Airtel,B
-76.06952864,23.16762764,0.800555857,Horse Riding Ground,75.77083884,26.48028435,Vodafone Idea (Vi),C
-72.65667709,29.96321345,7.742375468,Sharda Mandir,75.7699146,26.48099203,BSNL,D
-84.23027629,16.96964246,8.725389858,Old Market,75.76899036,26.48169971,Jio,A
-86.95392354,18.93112877,0.423349994,New Market,75.76806612,26.48240739,Airtel,B
-60.8124417,21.23717543,9.978742776,Annapurna Canteen,75.76714188,26.48311507,Vodafone Idea (Vi),C
-88.38204558,13.38695277,2.707697817,Shri Shanta Teertham,75.76621764,26.48382276,BSNL,D
-97.71157968,16.96432377,7.01842141,Guest House,75.7652934,26.48453044,Jio,A
-68.1619813,11.65521357,8.106906752,Vidula Maidan,75.76436916,26.48523812,Airtel,B
-70.47332629,27.13190866,8.191236035,Central Library,75.76344492,26.4859458,Vodafone Idea (Vi),C
-81.20206985,26.70128689,4.778108941,Horse Riding Ground,75.76252068,26.48665348,BSNL,D
-66.71057727,28.4120574,5.045920045,Sharda Mandir,75.76159644,26.48736116,Jio,A
-75.5377333,27.7328654,4.30575839,Old Market,75.76067219,26.48806885,Airtel,B
-93.6592221,18.32076684,0.752881378,New Market,75.75974795,26.48877653,Vodafone Idea (Vi),C
-66.37756197,11.73430703,1.513172183,Annapurna Canteen,75.75882371,26.48948421,BSNL,D
-115.2590443,18.88496359,9.605760051,Shri Shanta Teertham,75.75789947,26.49019189,Jio,A
-69.46550167,12.3302098,5.084549035,Guest House,75.75697523,26.49089957,Airtel,B
-75.01558487,12.71341549,9.150034146,Vidula Maidan,75.75605099,26.49160725,Vodafone Idea (Vi),C
-76.88160435,28.30605405,0.130565954,Central Library,75.75512675,26.49231494,BSNL,D
-97.97445887,27.08282188,3.121938027,Horse Riding Ground,75.75420251,26.49302262,Jio,A
-97.18774019,18.97105473,7.639943649,Sharda Mandir,75.75327827,26.4937303,Airtel,B
-98.80624611,11.08907113,9.869545953,Old Market,75.75235403,26.49443798,Vodafone Idea (Vi),C
-108.9544013,22.06184731,7.469346055,New Market,75.75142979,26.49514566,BSNL,D
-87.25170385,20.67511319,7.812052071,Annapurna Canteen,75.75050555,26.49585334,Jio,A
-81.52732924,27.25012834,5.479388142,Shri Shanta Teertham,75.74958131,26.49656102,Airtel,B
-90.1791479,13.57431025,8.669606,Guest House,75.74865707,26.49726871,Vodafone Idea (Vi),C
-100.4558258,13.8999588,7.151927709,Vidula Maidan,75.74773283,26.49797639,BSNL,D
-50.9337543,22.77754835,3.462686264,Central Library,75.74680859,26.49868407,Jio,A
-74.34120379,15.16556387,9.318956868,Horse Riding Ground,75.74588435,26.49939175,Airtel,B
-74.13039017,21.03295571,8.521278384,Sharda Mandir,75.74496011,26.50009943,Vodafone Idea (Vi),C
-90.04954695,21.83069914,1.368024686,Old Market,75.74403587,26.50080711,BSNL,D
-75.5064639,28.20097018,0.701950524,New Market,75.74311163,26.5015148,Jio,A
-83.56263178,26.34258514,0.670548082,Annapurna Canteen,75.74218739,26.50222248,Airtel,B
-64.82829278,11.67581472,0.214151275,Shri Shanta Teertham,75.74126315,26.50293016,Vodafone Idea (Vi),C
-73.03805236,21.00735314,5.158603338,Guest House,75.7403389,26.50363784,BSNL,D
-90.1133173,21.24147986,7.533771131,Vidula Maidan,75.73941466,26.50434552,Jio,A
-91.62268866,15.31713845,2.92342766,Central Library,75.73849042,26.5050532,Airtel,B
-74.50245908,26.87310871,0.404121584,Horse Riding Ground,75.73756618,26.50576089,Vodafone Idea (Vi),C
-63.69718882,13.36240292,7.847777451,Sharda Mandir,75.73664194,26.50646857,BSNL,D
-70.7717977,12.69320604,4.652416919,Old Market,75.7357177,26.50717625,Jio,A
-86.18588951,17.37219397,3.909720828,New Market,75.73479346,26.50788393,Airtel,B
-89.73438196,10.98148658,3.175432659,Annapurna Canteen,75.73386922,26.50859161,Vodafone Idea (Vi),C
-85.26538811,23.13246889,1.114773807,Shri Shanta Teertham,75.73294498,26.50929929,BSNL,D
-64.86466694,21.87837292,8.596530932,Guest House,75.73202074,26.51000698,Jio,A
-92.31069011,27.59748726,8.787166403,Vidula Maidan,75.7310965,26.51071466,Airtel,B
-76.88270341,27.80497106,9.67301948,Central Library,75.73017226,26.51142234,Vodafone Idea (Vi),C
-103.1232272,17.33199577,0.120768366,Horse Riding Ground,75.72924802,26.51213002,BSNL,D
-87.33928525,12.08715748,0.703876904,Sharda Mandir,75.72832378,26.5128377,Jio,A
-101.002101,27.70276379,8.950917132,Old Market,75.72739954,26.51354538,Airtel,B
-83.02304709,21.00008499,7.268370143,New Market,75.7264753,26.51425307,Vodafone Idea (Vi),C
-95.48883435,22.87342941,4.824501363,Annapurna Canteen,75.72555106,26.51496075,BSNL,D
-102.9320042,27.51338873,4.542857763,Shri Shanta Teertham,75.72462682,26.51566843,Jio,A
-82.71881047,10.29691075,4.362613702,Guest House,75.72370258,26.51637611,Airtel,B
-95.22927875,24.16119316,4.049953857,Vidula Maidan,75.72277834,26.51708379,Vodafone Idea (Vi),C
-82.00576549,19.64967464,7.013327835,Central Library,75.7218541,26.51779147,BSNL,D
-107.4574089,11.35430191,3.326426685,Horse Riding Ground,75.72092986,26.51849916,Jio,A
-92.63287329,17.64234525,7.240296888,Sharda Mandir,75.72000561,26.51920684,Airtel,B
-74.73926818,18.33632208,5.692739214,Old Market,75.71908137,26.51991452,Vodafone Idea (Vi),C
-92.73100005,13.79357982,6.022468334,New Market,75.71815713,26.5206222,BSNL,D
-88.82249634,23.22883144,8.921705053,Annapurna Canteen,75.71723289,26.52132988,Jio,A
-78.11860534,13.88696056,2.037063281,Shri Shanta Teertham,75.71630865,26.52203756,Airtel,B
-77.91261035,14.80592855,6.212882841,Guest House,75.71538441,26.52274525,Vodafone Idea (Vi),C
-100.3214393,24.09138982,5.336569997,Vidula Maidan,75.71446017,26.52345293,BSNL,D
-70.5482247,13.31853396,1.414594138,Central Library,75.71353593,26.52416061,Jio,A
-90.77566857,11.83870333,9.38258408,Horse Riding Ground,75.71261169,26.52486829,Airtel,B
-69.55083124,17.94858663,8.812167178,Sharda Mandir,75.71168745,26.52557597,Vodafone Idea (Vi),C
-112.2603338,18.39157686,2.694367656,Old Market,75.71076321,26.52628365,BSNL,D
-63.07402237,20.47723882,0.593415477,New Market,75.70983897,26.52699134,Jio,A
-87.50678182,20.83630616,1.838340544,Annapurna Canteen,75.70891473,26.52769902,Airtel,B
-79.16485876,25.83842051,9.592617646,Shri Shanta Teertham,75.70799049,26.5284067,Vodafone Idea (Vi),C
-64.7996532,14.57468265,7.273194698,Guest House,75.70706625,26.52911438,BSNL,D
-69.80532743,23.76578052,9.516589781,Vidula Maidan,75.70614201,26.52982206,Jio,A
-105.4334702,26.1903263,8.012948347,Central Library,75.70521777,26.53052974,Airtel,B
-104.9238502,14.28391047,5.957713107,Horse Riding Ground,75.70429353,26.53123743,Vodafone Idea (Vi),C
-89.97407264,14.33173505,1.020312859,Sharda Mandir,75.70336929,26.53194511,BSNL,D
-80.83713186,20.74982849,1.244671764,Old Market,75.70244505,26.53265279,Jio,A
-76.56088067,25.32059292,0.625840349,New Market,75.70152081,26.53336047,Airtel,B
-82.63917528,11.20992186,9.929279969,Annapurna Canteen,75.70059656,26.53406815,Vodafone Idea (Vi),C
-111.4033566,15.53271694,1.395226201,Shri Shanta Teertham,75.69967232,26.53477583,BSNL,D
-82.55775785,27.99341934,8.181234473,Guest House,75.69874808,26.53548352,Jio,A
-66.43474806,14.69563496,9.654807335,Vidula Maidan,75.69782384,26.5361912,Airtel,B
-86.53859721,19.29649267,7.042831675,Central Library,75.6968996,26.53689888,Vodafone Idea (Vi),C
-75.01241958,29.40567913,1.739260983,Horse Riding Ground,75.69597536,26.53760656,BSNL,D
-75.37228051,21.33051852,2.141995611,Sharda Mandir,75.69505112,26.53831424,Jio,A
-66.30505015,11.40228889,4.240618152,Old Market,75.69412688,26.53902192,Airtel,B
-116.2492355,10.51171206,1.475848823,New Market,75.69320264,26.53972961,Vodafone Idea (Vi),C
-95.8064169,17.81960336,2.526475659,Annapurna Canteen,75.6922784,26.54043729,BSNL,D
-76.48317033,17.21118629,1.576844731,Shri Shanta Teertham,75.69135416,26.54114497,Jio,A
-72.14648706,12.08297127,5.205083029,Guest House,75.69042992,26.54185265,Airtel,B
-92.90511431,22.76586097,9.186477417,Vidula Maidan,75.68950568,26.54256033,Vodafone Idea (Vi),C
-87.86635642,11.06289372,8.159400009,Central Library,75.68858144,26.54326801,BSNL,D
-101.079217,17.88341092,2.620085764,Horse Riding Ground,75.6876572,26.5439757,Jio,A
-78.47897938,13.2909312,8.126929728,Sharda Mandir,75.68673296,26.54468338,Airtel,B
-84.40331505,21.3838659,5.29241653,Old Market,75.68580872,26.54539106,Vodafone Idea (Vi),C
-104.1573701,21.39974061,3.509146284,New Market,75.68488448,26.54609874,BSNL,D
-85.55864213,14.36931172,4.822431928,Annapurna Canteen,75.68396024,26.54680642,Jio,A
-106.5374528,23.88303434,0.8300857,Shri Shanta Teertham,75.683036,26.5475141,Airtel,B
-95.92937161,13.27193918,6.437666986,Guest House,75.68211176,26.54822179,Vodafone Idea (Vi),C
-79.24996715,14.58470006,8.214768623,Vidula Maidan,75.68118752,26.54892947,BSNL,D
-81.72528755,25.55809306,6.24128477,Central Library,75.68026327,26.54963715,Jio,A
-68.58358643,26.75649287,1.698138796,Horse Riding Ground,75.67933903,26.55034483,Airtel,B
-74.01277987,26.56325258,3.331106208,Sharda Mandir,75.67841479,26.55105251,Vodafone Idea (Vi),C
-79.02385991,19.39478092,2.915890179,Old Market,75.67749055,26.55176019,BSNL,D
-107.3113112,11.48345736,9.457663692,New Market,75.67656631,26.55246788,Jio,A
-90.5622196,17.96854396,6.814973302,Annapurna Canteen,75.67564207,26.55317556,Airtel,B
-64.00982811,19.92296489,7.763335422,Shri Shanta Teertham,75.67471783,26.55388324,Vodafone Idea (Vi),C
-80.99582809,16.25630671,7.45444501,Guest House,75.67379359,26.55459092,BSNL,D
-81.56832451,12.06393725,3.765716572,Vidula Maidan,75.67286935,26.5552986,Jio,A
-93.75182462,14.67409298,0.534864851,Central Library,75.67194511,26.55600628,Airtel,B
-90.74506056,23.77747453,6.016210604,Horse Riding Ground,75.67102087,26.55671397,Vodafone Idea (Vi),C
-80.81755177,16.8477262,3.14956813,Sharda Mandir,75.67009663,26.55742165,BSNL,D
-58.69605047,18.50464588,8.910787971,Old Market,75.66917239,26.55812933,Jio,A
-82.06004121,15.35897776,0.242291966,New Market,75.66824815,26.55883701,Airtel,B
-73.96496984,17.58115767,6.726174476,Annapurna Canteen,75.66732391,26.55954469,Vodafone Idea (Vi),C
-85.56423008,15.43316328,6.475987918,Shri Shanta Teertham,75.66639967,26.56025237,BSNL,D
-60.43936401,12.10277514,9.601418914,Guest House,75.66547543,26.56096006,Jio,A
-65.04983017,27.47688815,5.608204972,Vidula Maidan,75.66455119,26.56166774,Airtel,B
-70.82607148,15.81817495,8.020144332,Central Library,75.66362695,26.56237542,Vodafone Idea (Vi),C
-84.21763288,21.24955217,5.207439514,Horse Riding Ground,75.66270271,26.5630831,BSNL,D
-81.84437091,13.86764065,8.608112461,Sharda Mandir,75.66177847,26.56379078,Jio,A
-101.9804525,19.0034841,4.655619706,Old Market,75.66085423,26.56449846,Airtel,B
-113.1735516,24.70531118,8.039306621,New Market,75.65992998,26.56520615,Vodafone Idea (Vi),C
-53.45484803,23.42324862,9.030613126,Annapurna Canteen,75.65900574,26.56591383,BSNL,D
-96.92116754,18.30482282,3.90007359,Shri Shanta Teertham,75.6580815,26.56662151,Jio,A
-75.03189286,24.74416111,1.015723915,Guest House,75.65715726,26.56732919,Airtel,B
-51.96755394,16.91517259,6.973527284,Vidula Maidan,75.65623302,26.56803687,Vodafone Idea (Vi),C
-91.84574392,20.54064329,2.372858035,Central Library,75.65530878,26.56874455,BSNL,D
-98.22994572,14.0839173,2.466334748,Horse Riding Ground,75.65438454,26.56945224,Jio,A
-97.37602043,18.31159569,2.014219478,Sharda Mandir,75.6534603,26.57015992,Airtel,B
-86.45365749,10.49499043,9.614238497,Old Market,75.65253606,26.5708676,Vodafone Idea (Vi),C
-85.13610474,13.4135778,7.932575314,New Market,75.65161182,26.57157528,BSNL,D
-98.39753563,28.51091623,3.464091775,Annapurna Canteen,75.65068758,26.57228296,Jio,A
-73.19970964,28.567207,4.049171288,Shri Shanta Teertham,75.64976334,26.57299064,Airtel,B
-94.15625263,16.71730246,8.688332505,Guest House,75.6488391,26.57369833,Vodafone Idea (Vi),C
-75.52828053,16.09152862,5.453067703,Vidula Maidan,75.64791486,26.57440601,BSNL,D
-92.04371273,21.85294461,2.828868182,Central Library,75.64699062,26.57511369,Jio,A
-71.31014355,28.61706379,2.709503788,Horse Riding Ground,75.64606638,26.57582137,Airtel,B
-72.89683752,12.03215423,5.862514352,Sharda Mandir,75.64514214,26.57652905,Vodafone Idea (Vi),C
-76.55893037,29.63448628,4.410753567,Old Market,75.6442179,26.57723673,BSNL,D
-93.57683696,17.14912055,1.612950628,New Market,75.64329366,26.57794442,Jio,A
-76.22794275,12.51825649,0.410524161,Annapurna Canteen,75.64236942,26.5786521,Airtel,B
-74.2262897,23.32265957,9.769136607,Shri Shanta Teertham,75.64144518,26.57935978,Vodafone Idea (Vi),C
-73.87050734,16.85546488,2.471122916,Guest House,75.64052094,26.58006746,BSNL,D
-92.56185369,24.28831327,2.693255611,Vidula Maidan,75.63959669,26.58077514,Jio,A
-68.62307626,26.06728764,2.584051577,Central Library,75.63867245,26.58148282,Airtel,B
-88.64124467,27.92175515,9.001504757,Horse Riding Ground,75.63774821,26.58219051,Vodafone Idea (Vi),C
-60.5074732,10.76998137,5.201327288,Sharda Mandir,75.63682397,26.58289819,BSNL,D
-78.2609057,19.11796163,3.625231986,Old Market,75.63589973,26.58360587,Jio,A
-93.53454876,18.28905892,7.317134684,New Market,75.63497549,26.58431355,Airtel,B
-80.90450516,14.12597734,6.890400602,Annapurna Canteen,75.63405125,26.58502123,Vodafone Idea (Vi),C
-81.94406558,23.87499873,3.757735459,Shri Shanta Teertham,75.63312701,26.58572891,BSNL,D
-87.303431,27.15724514,4.872324759,Guest House,75.63220277,26.5864366,Jio,A
-80.45626141,24.57006033,2.685498498,Vidula Maidan,75.63127853,26.58714428,Airtel,B
-93.55133754,26.2168941,1.309503436,Central Library,75.63035429,26.58785196,Vodafone Idea (Vi),C
-95.31718903,21.04361016,8.971003411,Horse Riding Ground,75.62943005,26.58855964,BSNL,D
-76.51379919,28.57476405,0.73583009,Sharda Mandir,75.62850581,26.58926732,Jio,A
-73.13596848,16.63182538,9.363163933,Old Market,75.62758157,26.589975,Airtel,B
-77.13230327,26.49928596,3.942289254,New Market,75.62665733,26.59068269,Vodafone Idea (Vi),C
-71.6740966,26.15524089,0.058019199,Annapurna Canteen,75.62573309,26.59139037,BSNL,D
-69.02418833,27.04158071,3.490416869,Shri Shanta Teertham,75.62480885,26.59209805,Jio,A
-94.20464755,21.3724393,1.415016188,Guest House,75.62388461,26.59280573,Airtel,B
-50.51092923,12.44090301,3.112692314,Vidula Maidan,75.62296037,26.59351341,Vodafone Idea (Vi),C
-91.20281407,19.3517064,9.373980253,Central Library,75.62203613,26.59422109,BSNL,D
-75.47534341,28.95766573,7.563137469,Horse Riding Ground,75.62111189,26.59492878,Jio,A
-88.44280621,29.81394508,9.022393727,Sharda Mandir,75.62018765,26.59563646,Airtel,B
-112.6887307,16.61714405,6.230003452,Old Market,75.6192634,26.59634414,Vodafone Idea (Vi),C
-53.639041,20.40757138,0.138415451,New Market,75.61833916,26.59705182,BSNL,D
-85.82626089,19.74951733,8.403508331,Annapurna Canteen,75.61741492,26.5977595,Jio,A
-78.90815857,13.57301817,1.046497328,Shri Shanta Teertham,75.61649068,26.59846718,Airtel,B
-94.37257881,17.71200851,9.781066116,Guest House,75.61556644,26.59917487,Vodafone Idea (Vi),C
-93.68348625,14.65283948,3.502918794,Vidula Maidan,75.6146422,26.59988255,BSNL,D
-68.80228859,15.0136103,0.249954365,Central Library,75.61371796,26.60059023,Jio,A
-98.66493805,13.73697143,5.501028095,Horse Riding Ground,75.61279372,26.60129791,Airtel,B
-97.15111443,16.31738933,9.520169177,Sharda Mandir,75.61186948,26.60200559,Vodafone Idea (Vi),C
-64.42817937,10.27141072,1.496308368,Old Market,75.61094524,26.60271327,BSNL,D
-92.77047566,18.47287957,4.372393495,New Market,75.610021,26.60342096,Jio,A
-95.0628422,12.98781301,7.923148017,Annapurna Canteen,75.60909676,26.60412864,Airtel,B
-76.57361798,24.38029392,6.979517296,Shri Shanta Teertham,75.60817252,26.60483632,Vodafone Idea (Vi),C
-99.74554077,21.59227487,5.858618725,Guest House,75.60724828,26.605544,BSNL,D
-109.9307266,11.92078744,0.336607454,Vidula Maidan,75.60632404,26.60625168,Jio,A
-96.47934349,19.81866883,6.783715813,Central Library,75.6053998,26.60695936,Airtel,B
-71.87874255,10.52303643,2.604598711,Horse Riding Ground,75.60447556,26.60766705,Vodafone Idea (Vi),C
-117.5197594,18.52649213,9.000837681,Sharda Mandir,75.60355132,26.60837473,BSNL,D
-79.06877566,13.59856285,5.832494726,Old Market,75.60262708,26.60908241,Jio,A
-95.72866074,20.21184121,4.887555251,New Market,75.60170284,26.60979009,Airtel,B
-68.15993873,19.58754154,7.512339691,Annapurna Canteen,75.6007786,26.61049777,Vodafone Idea (Vi),C
-64.48288606,28.80318765,4.720386877,Annapurna Canteen,75.87449793,26.40165257,Jio,A
-74.0908037,14.54255685,5.858987818,Shri Shanta Teertham,75.87570492,26.39720795,Airtel,B
-106.8888959,21.66934494,0.979604286,Guest House,75.87795261,26.40108559,Vodafone Idea (Vi),C
-79.41827118,18.90305309,7.494869043,Vidula Maidan,75.8736128,26.39953839,BSNL,D
-95.94366694,26.43734074,1.210209637,Mukteshwari Canteen,75.87075356,26.40311325,Jio,A
-89.67971299,10.36711995,9.464761254,Central Library,75.87190155,26.40406941,Airtel,B
-74.78070657,21.2998577,4.58950969,Horse Riding Ground,75.87347869,26.40557811,Vodafone Idea (Vi),C
-102.3233808,20.10061385,5.63016973,Senior Secondary School (Sharda Mandir),75.8658934,26.40676487,BSNL,D
-104.0702027,28.68642574,5.183288669,Old Market,75.8611298,26.40783631,Jio,A
-101.3796108,15.01196308,4.909114223,New Market,75.87550644,26.40108559,Airtel,B
-93.45358012,29.44835039,7.443021343,Annapurna Canteen,75.86695985,26.40668545,Vodafone Idea (Vi),C
-91.89259847,23.94337329,4.712678484,Shri Shanta Teertham,75.86603561,26.40739314,BSNL,D
-98.46817076,25.39023377,9.981805583,Guest House,75.86511137,26.40810082,Jio,A
-62.91089934,25.43686864,2.906611187,Vidula Maidan,75.86418713,26.4088085,Airtel,B
-79.58538901,23.1423088,1.939406708,Mukteshwari Canteen,75.86326289,26.40951618,Vodafone Idea (Vi),C
-67.63624392,27.8895489,2.244039092,Central Library,75.86233865,26.41022386,BSNL,D
-67.72727421,15.53825185,0.340806245,Horse Riding Ground,75.8614144,26.41093154,Jio,A
-93.2767831,24.85777995,9.283712457,Senior Secondary School (Sharda Mandir),75.86049016,26.41163923,Airtel,B
-95.99361617,23.97402105,5.783436449,Old Market,75.85956592,26.41234691,Vodafone Idea (Vi),C
-98.56690112,23.39522787,5.477682186,New Market,75.85864168,26.41305459,BSNL,D
-107.863245,17.79696427,7.698401853,Annapurna Canteen,75.85771744,26.41376227,Jio,A
-98.93551985,20.28699988,8.218085839,Shri Shanta Teertham,75.8567932,26.41446995,Airtel,B
-74.90723197,29.04161885,7.104850284,Guest House,75.85586896,26.41517763,Vodafone Idea (Vi),C
-90.79759441,17.11367215,8.179961302,Vidula Maidan,75.85494472,26.41588532,BSNL,D
-72.21230384,19.07216034,1.413820505,Mukteshwari Canteen,75.85402048,26.416593,Jio,A
-68.63406491,12.522154,7.547049893,Central Library,75.85309624,26.41730068,Airtel,B
-80.39036731,11.69168381,0.187207743,Horse Riding Ground,75.852172,26.41800836,Vodafone Idea (Vi),C
-76.73321228,26.25840641,3.497260824,Senior Secondary School (Sharda Mandir),75.85124776,26.41871604,BSNL,D
-75.20313007,15.26098205,1.886204795,Old Market,75.85032352,26.41942372,Jio,A
-99.81143567,12.25516129,1.299177365,New Market,75.84939928,26.42013141,Airtel,B
-67.82752249,18.37728858,0.194868822,Annapurna Canteen,75.84847504,26.42083909,Vodafone Idea (Vi),C
-108.6660477,11.32866869,0.18326671,Shri Shanta Teertham,75.8475508,26.42154677,BSNL,D
-83.75979378,22.52756325,2.382143984,Guest House,75.84662656,26.42225445,Jio,A
-115.0756749,14.28670532,5.310981865,Vidula Maidan,75.84570232,26.42296213,Airtel,B
-104.9387162,13.23963965,5.558400493,Mukteshwari Canteen,75.84477808,26.42366981,Vodafone Idea (Vi),C
-71.98146693,11.5015976,8.419652982,Central Library,75.84385384,26.4243775,BSNL,D
-78.94411468,14.50004403,9.112786713,Horse Riding Ground,75.8429296,26.42508518,Jio,A
-91.89637613,19.74448744,4.339957954,Senior Secondary School (Sharda Mandir),75.84200536,26.42579286,Airtel,B
-82.45169144,14.78613076,8.860903749,Old Market,75.84108111,26.42650054,Vodafone Idea (Vi),C
-99.38051779,27.21580088,2.885595231,New Market,75.84015687,26.42720822,BSNL,D
-74.21120778,29.87292554,3.539831371,Annapurna Canteen,75.83923263,26.4279159,Jio,A
-64.62157572,27.81207125,8.379269019,Shri Shanta Teertham,75.83830839,26.42862359,Airtel,B
-103.6648147,26.22218731,8.854169907,Guest House,75.83738415,26.42933127,Vodafone Idea (Vi),C
-87.36512186,11.31632295,1.487480963,Vidula Maidan,75.83645991,26.43003895,BSNL,D
-84.32062042,11.30159506,2.67300474,Mukteshwari Canteen,75.83553567,26.43074663,Jio,A
-88.77760528,26.06699581,6.951399931,Central Library,75.83461143,26.43145431,Airtel,B
-96.73543193,19.5304014,9.525654352,Horse Riding Ground,75.83368719,26.43216199,Vodafone Idea (Vi),C
-72.65343834,20.47234015,0.352069236,Senior Secondary School (Sharda Mandir),75.83276295,26.43286968,BSNL,D
-118.6813177,15.30565339,1.665327124,Old Market,75.83183871,26.43357736,Jio,A
-89.73251746,19.14235356,8.416925077,New Market,75.83091447,26.43428504,Airtel,B
-50.66441336,27.91099577,6.173050938,Annapurna Canteen,75.82999023,26.43499272,Vodafone Idea (Vi),C
-84.18996105,17.73635196,2.9849053,Shri Shanta Teertham,75.82906599,26.4357004,BSNL,D
-79.91911242,13.64624063,9.584577581,Guest House,75.82814175,26.43640808,Jio,A
-71.52287408,24.39317946,4.562054892,Vidula Maidan,75.82721751,26.43711577,Airtel,B
-104.5187732,13.84317133,6.297656651,Mukteshwari Canteen,75.82629327,26.43782345,Vodafone Idea (Vi),C
-69.2902743,15.41240625,5.278580773,Central Library,75.82536903,26.43853113,BSNL,D
-105.5341181,26.86406727,9.527614684,Horse Riding Ground,75.82444479,26.43923881,Jio,A
-64.80997207,16.75078011,7.81187329,Senior Secondary School (Sharda Mandir),75.82352055,26.43994649,Airtel,B
-57.15593408,13.95988545,2.059567865,Old Market,75.82259631,26.44065417,Vodafone Idea (Vi),C
-61.46130683,25.83644424,2.600165641,New Market,75.82167207,26.44136186,BSNL,D
-99.14221195,29.47881586,9.335378164,Annapurna Canteen,75.82074782,26.44206954,Jio,A
-84.15888849,27.51447226,1.358055707,Shri Shanta Teertham,75.81982358,26.44277722,Airtel,B
-76.35487477,16.25485826,9.576039659,Guest House,75.81889934,26.4434849,Vodafone Idea (Vi),C
-72.25322598,28.00097976,5.988270694,Vidula Maidan,75.8179751,26.44419258,BSNL,D
-75.20527046,29.96182687,1.584553487,Mukteshwari Canteen,75.81705086,26.44490026,Jio,A
-65.70017362,27.85789634,0.686506337,Central Library,75.81612662,26.44560795,Airtel,B
-105.7438581,12.20288783,2.64521334,Horse Riding Ground,75.81520238,26.44631563,Vodafone Idea (Vi),C
-83.81158454,18.32876669,0.071111675,Senior Secondary School (Sharda Mandir),75.81427814,26.44702331,BSNL,D
-88.14340881,15.78043679,2.451068394,Old Market,75.8133539,26.44773099,Jio,A
-97.87009981,23.8112941,7.137986805,New Market,75.81242966,26.44843867,Airtel,B
-83.75321752,16.08238571,3.565508525,Annapurna Canteen,75.81150542,26.44914635,Vodafone Idea (Vi),C
-95.54726591,28.15703806,2.647030916,Shri Shanta Teertham,75.81058118,26.44985404,BSNL,D
-94.89142092,18.40858863,7.517094739,Guest House,75.80965694,26.45056172,Jio,A
-80.30278462,20.6863021,7.97413956,Vidula Maidan,75.8087327,26.4512694,Airtel,B
-109.1774484,14.10944019,5.947319073,Mukteshwari Canteen,75.80780846,26.45197708,Vodafone Idea (Vi),C
-79.74376059,28.22316155,8.13729618,Central Library,75.80688422,26.45268476,BSNL,D
-59.43519005,14.29701137,2.389673522,Horse Riding Ground,75.80595998,26.45339244,Jio,A
-77.91857596,12.78855838,9.134398542,Senior Secondary School (Sharda Mandir),75.80503574,26.45410013,Airtel,B
-69.41218528,15.5067971,6.709415336,Old Market,75.8041115,26.45480781,Vodafone Idea (Vi),C
-94.90483602,18.1895327,0.828834928,New Market,75.80318726,26.45551549,BSNL,D
-74.85723426,23.85629032,9.818436929,Annapurna Canteen,75.80226302,26.45622317,Jio,A
-86.6287692,20.30961277,6.483357873,Shri Shanta Teertham,75.80133877,26.45693085,Airtel,B
-103.1865436,29.19217121,2.969461932,Guest House,75.80041453,26.45763853,Vodafone Idea (Vi),C
-73.13230425,13.80102859,4.703784615,Vidula Maidan,75.79949029,26.45834622,BSNL,D
-68.21908366,23.08258805,2.053232112,Mukteshwari Canteen,75.79856605,26.4590539,Jio,A
-86.29585425,16.17797585,6.393842803,Central Library,75.79764181,26.45976158,Airtel,B
-90.5356549,21.87669329,5.332223216,Horse Riding Ground,75.79671757,26.46046926,Vodafone Idea (Vi),C
-105.2833872,25.64344543,8.701291837,Senior Secondary School (Sharda Mandir),75.79579333,26.46117694,BSNL,D
-66.73455135,25.95557621,6.555179465,Old Market,75.79486909,26.46188462,Jio,A
-83.96451161,13.81243175,7.655742231,New Market,75.79394485,26.46259231,Airtel,B
-81.2633503,22.43588979,0.633145258,Annapurna Canteen,75.79302061,26.46329999,Vodafone Idea (Vi),C
-81.60168655,18.28938448,3.262422055,Shri Shanta Teertham,75.79209637,26.46400767,BSNL,D
-72.55489186,20.25676054,4.80223057,Guest House,75.79117213,26.46471535,Jio,A
-98.02935785,20.85855207,5.035257576,Vidula Maidan,75.79024789,26.46542303,Airtel,B
-68.66593244,27.15580074,5.142789343,Mukteshwari Canteen,75.78932365,26.46613071,Vodafone Idea (Vi),C
-80.9734461,25.87657178,5.645063659,Central Library,75.78839941,26.4668384,BSNL,D
-89.72019149,28.59965806,2.016900733,Horse Riding Ground,75.78747517,26.46754608,Jio,A
-63.49240392,15.87727782,5.786049766,Senior Secondary School (Sharda Mandir),75.78655093,26.46825376,Airtel,B
-93.45563783,18.1011973,5.407947971,Old Market,75.78562669,26.46896144,Vodafone Idea (Vi),C
-67.21978662,13.08420564,8.405077742,New Market,75.78470245,26.46966912,BSNL,D
-76.72992337,25.51047083,5.421989071,Annapurna Canteen,75.78377821,26.4703768,Jio,A
-71.50754528,17.54636206,2.483988218,Shri Shanta Teertham,75.78285397,26.47108449,Airtel,B
-89.57279274,19.01028666,3.670175282,Guest House,75.78192973,26.47179217,Vodafone Idea (Vi),C
-75.01889556,28.7631117,6.602408317,Vidula Maidan,75.78100548,26.47249985,BSNL,D
-99.47340836,13.84059678,4.688582695,Mukteshwari Canteen,75.78008124,26.47320753,Jio,A
-85.17132689,23.13139375,9.01531366,Central Library,75.779157,26.47391521,Airtel,B
-71.25672025,20.67231407,7.455336868,Horse Riding Ground,75.77823276,26.47462289,Vodafone Idea (Vi),C
-99.50530176,29.0121588,9.727757378,Senior Secondary School (Sharda Mandir),75.77730852,26.47533058,BSNL,D
-94.30433254,21.02213929,7.450210075,Old Market,75.77638428,26.47603826,Jio,A
-100.6655245,21.98950285,1.164533189,New Market,75.77546004,26.47674594,Airtel,B
-68.34534898,11.9541655,3.308288369,Annapurna Canteen,75.7745358,26.47745362,Vodafone Idea (Vi),C
-95.13253722,15.67171661,1.514381586,Shri Shanta Teertham,75.77361156,26.4781613,BSNL,D
-84.95622965,29.56635939,6.063202646,Guest House,75.77268732,26.47886898,Jio,A
-82.55202458,23.02090863,1.097796096,Vidula Maidan,75.77176308,26.47957667,Airtel,B
-106.133143,24.10644038,6.42695534,Mukteshwari Canteen,75.77083884,26.48028435,Vodafone Idea (Vi),C
-79.7297174,26.43639364,9.25744611,Central Library,75.7699146,26.48099203,BSNL,D
-99.26301993,12.73714236,4.840912474,Horse Riding Ground,75.76899036,26.48169971,Jio,A
-98.00005857,27.62050679,3.061748617,Senior Secondary School (Sharda Mandir),75.76806612,26.48240739,Airtel,B
-65.14490306,14.12501532,0.990608062,Old Market,75.76714188,26.48311507,Vodafone Idea (Vi),C
-98.78274411,21.07070272,3.434323121,New Market,75.76621764,26.48382276,BSNL,D
-73.82292016,17.39204841,4.577006008,Annapurna Canteen,75.7652934,26.48453044,Jio,A
-92.10159651,10.53833956,6.639247131,Shri Shanta Teertham,75.76436916,26.48523812,Airtel,B
-50.12222188,27.51151333,6.879863793,Guest House,75.76344492,26.4859458,Vodafone Idea (Vi),C
-64.9232284,21.67490407,8.316067162,Vidula Maidan,75.76252068,26.48665348,BSNL,D
-94.94876369,17.02650197,6.132406355,Mukteshwari Canteen,75.76159644,26.48736116,Jio,A
-82.37403011,17.43435246,1.464617825,Central Library,75.76067219,26.48806885,Airtel,B
-93.2590844,19.42445308,0.325292601,Horse Riding Ground,75.75974795,26.48877653,Vodafone Idea (Vi),C
-93.42433129,28.83482859,8.175105353,Senior Secondary School (Sharda Mandir),75.75882371,26.48948421,BSNL,D
-109.7315546,13.17123724,6.06114522,Old Market,75.75789947,26.49019189,Jio,A
-75.59226621,19.88634934,8.657198989,New Market,75.75697523,26.49089957,Airtel,B
-113.3617621,14.38414601,4.59131613,Annapurna Canteen,75.75605099,26.49160725,Vodafone Idea (Vi),C
-113.5370488,14.82186837,1.065880812,Shri Shanta Teertham,75.75512675,26.49231494,BSNL,D
-84.61549225,24.77484837,5.756236396,Guest House,75.75420251,26.49302262,Jio,A
-74.16296896,26.94595264,0.364143617,Vidula Maidan,75.75327827,26.4937303,Airtel,B
-109.0684749,19.09617847,9.077619986,Mukteshwari Canteen,75.75235403,26.49443798,Vodafone Idea (Vi),C
-105.8296526,19.12032354,0.786772815,Central Library,75.75142979,26.49514566,BSNL,D
-91.05034855,16.29464434,4.305262828,Horse Riding Ground,75.75050555,26.49585334,Jio,A
-95.46823955,28.47652806,7.581600711,Senior Secondary School (Sharda Mandir),75.74958131,26.49656102,Airtel,B
-88.40640274,10.45132607,0.84745512,Old Market,75.74865707,26.49726871,Vodafone Idea (Vi),C
-76.48394348,22.93691933,2.842783114,New Market,75.74773283,26.49797639,BSNL,D
-81.02358402,11.6758242,0.889952709,Annapurna Canteen,75.74680859,26.49868407,Jio,A
-77.16697108,16.12128993,1.874675688,Shri Shanta Teertham,75.74588435,26.49939175,Airtel,B
-99.89115638,26.94066479,8.408161336,Guest House,75.74496011,26.50009943,Vodafone Idea (Vi),C
-85.35827247,24.73695904,1.31725178,Vidula Maidan,75.74403587,26.50080711,BSNL,D
-92.07768435,17.85220881,6.465281204,Mukteshwari Canteen,75.74311163,26.5015148,Jio,A
-69.2345099,23.1031973,0.909791545,Central Library,75.74218739,26.50222248,Airtel,B
-92.91190834,22.90357037,7.393529345,Horse Riding Ground,75.74126315,26.50293016,Vodafone Idea (Vi),C
-83.75978377,28.33644411,1.606197092,Senior Secondary School (Sharda Mandir),75.7403389,26.50363784,BSNL,D
-108.6480942,28.38281649,0.887465745,Old Market,75.73941466,26.50434552,Jio,A
-77.80726755,19.90044671,6.07996638,New Market,75.73849042,26.5050532,Airtel,B
-58.16277135,15.73797918,5.39320243,Annapurna Canteen,75.73756618,26.50576089,Vodafone Idea (Vi),C
-97.18403676,17.02241649,5.09114881,Shri Shanta Teertham,75.73664194,26.50646857,BSNL,D
-85.54132547,18.81365147,3.37420436,Guest House,75.7357177,26.50717625,Jio,A
-89.34266834,25.17871439,6.877614614,Vidula Maidan,75.73479346,26.50788393,Airtel,B
-104.2875414,11.02033722,2.890316693,Mukteshwari Canteen,75.73386922,26.50859161,Vodafone Idea (Vi),C
-79.76310147,14.89318493,8.69792131,Central Library,75.73294498,26.50929929,BSNL,D
-94.19996011,29.32592317,7.514246025,Horse Riding Ground,75.73202074,26.51000698,Jio,A
-72.89265459,13.1703534,5.558156931,Senior Secondary School (Sharda Mandir),75.7310965,26.51071466,Airtel,B
-66.97282181,15.58308831,2.632066321,Old Market,75.73017226,26.51142234,Vodafone Idea (Vi),C
-77.60613955,26.51915027,8.101745745,New Market,75.72924802,26.51213002,BSNL,D
-110.5487279,15.14763548,7.719386102,Annapurna Canteen,75.72832378,26.5128377,Jio,A
-108.2545632,20.45165398,2.492434901,Shri Shanta Teertham,75.72739954,26.51354538,Airtel,B
-99.21838611,12.25473428,9.268362265,Guest House,75.7264753,26.51425307,Vodafone Idea (Vi),C
-65.12440259,25.2026561,7.544520299,Vidula Maidan,75.72555106,26.51496075,BSNL,D
